"name","cc"
"Ashlyn Conway","2624"
"Jessica Giles","7218"
"Bethany Bush","2450"
"Karen Acosta","8732"
"Xander Wells","2055"
"Amara Logan","6725"
"Callan Espinoza","7631"
"Ruby Patterson","1371"
"Casey Warren","6762"
"Asia Hendricks","3270"
"Maksim Buck","9894"
"Ty Sheppard","3032"
"Emmalee Dudley","1969"
"Terrence Wallace","6391"
"Lucille Hunter","0469"
"Marilyn Hester","4666"
"Liv Buck","3340"
"Dillon Ray","9932"
"Diya Vincent","1089"
"Violet Randolph","8445"
"Imani Daniel","9431"
"Justice Doyle","4844"
"Theodore Smith","9631"
"Shiloh Daniel","3760"
"Kamden Stuart","6620"
"Isabella Cameron","2801"
"John Austin","5724"
"Athena Gregory","6193"
"Leonel Tate","9086"
"Bria Richards","1564"
"Alannah Thompson","0767"
"Jerome Salas","5018"
"Kaitlin Rollins","9546"
"Tatum Gutierrez","3173"
"Alicia Durham","4698"
"Lisa Prince","3329"
"Keyon Singleton","2455"
"Aubrey Hudson","9447"
"Keagan Pruitt","2863"
"Rashad Suarez","1169"
"Mateo Burns","9452"
"Nola Mcdowell","3934"
"Xzavier Lee","1938"
"Enzo Castillo","1801"
"Dax Burch","7401"
"Melvin Caldwell","4566"
"Elliot Stafford","7892"
"Caden Olsen","6801"
"Gibson Mcpherson","6188"
"Payton Burgess","2172"
"Cristopher Ware","5352"
"Mekhi Castaneda","6463"
"Peyton Trujillo","8492"
"Demetrius Saunders","5244"
"Emmett Thomas","8208"
"Cyrus Bradley","1892"
"Danika Terry","5704"
"Odin Wilcox","9655"
"Kyndal Cherry","3301"
"Serena House","9375"
"Colby Mccall","4896"
"Grady Bates","4731"
"Elijah Holder","4524"
"Declan Hess","5224"
"Valeria Pearson","7903"
"Luke Moody","6753"
"Casey Foster","6348"
"Flynn Randall","3003"
"Madilyn Hale","6947"
"Lyric Bradford","8825"
"Valerie Leblanc","4516"
"Soren Hoffman","5878"
"Israel Hodge","5547"
"Kash Tucker","1738"
"Anne Reese","4966"
"Krystal Bailey","6605"
"Jordyn Gomez","5075"
"Alayna Mooney","6705"
"Andre Holcomb","2250"
"Brinley Kim","5734"
"Larissa Faulkner","7174"
"Hannah Powers","2889"
"Jeremy Summers","8580"
"Henry Park","0809"
"Tanner Hubbard","0230"
"Benjamin Shepherd","5033"
"Ayla Edwards","0470"
"Cristina Rosario","0545"
"Joslyn Fletcher","6783"
"Jamir Lindsay","4137"
"Leighton Kerr","0717"
"Ivy Carr","6352"
"Zain Sharpe","1412"
"Milan Vaughan","2144"
"Jaycob Higgins","4210"
"Jorden Watts","3456"
"Iker Schultz","2603"
"Kaleb Alvarez","1410"
"Livia Russell","7779"
"Reese Paul","1171"
